{
  "fsn_btc": {
    "bid": 0.00036891,
    "ask": 0.0003695
  },
  "eos_btc": {
    "bid": 0.00109739,
    "ask": 0.001103
  },
  "bix_btc": {
    "bid": 0.00011353,
    "ask": 0.0001145
  },
  "qtum_btc": {
    "bid": 0.00121684,
    "ask": 0.00122157
  },
  "gtc_btc": {
    "bid": 0.00001411,
    "ask": 0.00001438
  },
  "eth_btc": {
    "bid": 0.06877429,
    "ask": 0.06884681
  },
  "ltc_btc": {
    "bid": 0.01210572,
    "ask": 0.01216534
  },
  "bch_btc": {
    "bid": 0.1087515,
    "ask": 0.10927384
  },
  "etc_btc": {
    "bid": 0.00255625,
    "ask": 0.0025691
  },
  "bch_eth": {
    "bid": 1.57959797,
    "ask": 1.58889285
  },
  "tnb_btc": {
    "bid": 0.00000312,
    "ask": 0.00000315
  }
}